{"credit":"Made with Blockbench","texture_size":[64,64],"textures":{"1":"city_streets:box_01"},"elements":[{"from":[9,0,5],"to":[21,16,15],"rotation":{"angle":-22.5,"axis":"y","origin":[0,0,0]},"faces":{"north":{"uv":[3,4,0,0],"rotation":180,"texture":"#1"},"east":{"uv":[0,4,4,6.5],"rotation":90,"texture":"#1"},"south":{"uv":[6,0,3,4],"texture":"#1"},"west":{"uv":[4,4,8,6.5],"rotation":270,"texture":"#1"},"up":{"uv":[0,6.5,3,9],"texture":"#1"},"down":{"uv":[6,0,9,2.5],"rotation":180,"texture":"#1"}}},{"from":[-2,0,-7],"to":[10,10,9],"rotation":{"angle":-45,"axis":"y","origin":[0,0,0]},"faces":{"north":{"uv":[6,0,9,2.5],"texture":"#1"},"east":{"uv":[0,4,4,6.5],"texture":"#1"},"south":{"uv":[0,6.5,3,9],"texture":"#1"},"west":{"uv":[4,4,8,6.5],"texture":"#1"},"up":{"uv":[3,4,0,0],"texture":"#1"},"down":{"uv":[6,0,3,4],"texture":"#1"}}}],"gui_light":"front","display":{"thirdperson_righthand":{"rotation":[68,16,0],"translation":[-0.75,3.25,1.5],"scale":[0.47,0.47,0.47]},"thirdperson_lefthand":{"rotation":[68,16,0],"translation":[-0.75,3.25,1.5],"scale":[0.47,0.47,0.47]},"firstperson_righthand":{"rotation":[0,151,0],"translation":[2,3.5,0],"scale":[0.46,0.46,0.46]},"firstperson_lefthand":{"rotation":[0,151,0],"translation":[2,3.5,0],"scale":[0.46,0.46,0.46]},"ground":{"translation":[0,4.75,0],"scale":[0.62,0.62,0.62]},"gui":{"rotation":[22,-139,0],"scale":[0.42,0.42,0.42]},"head":{"translation":[0,-14.25,0],"scale":[2.285,2.285,2.285]},"fixed":{"rotation":[-90,0,0],"translation":[0,0,-15.5],"scale":[2,2,2]}}}