{"credit":"MadewithBlockbench","texture_size":[24,24],"textures":{"0":"japan_furniture_v1:japan_furniture_v1/pillar_wood_2","particle":"japan_furniture_v1:japan_furniture_v1/pillar_wood_2"},"elements":[{"from":[4.4432,-0.05124,4.4432],"to":[11.5568,2.35644,11.5568],"rotation":{"angle":0,"axis":"y","origin":[8,3.5526,8]},"faces":{"north":{"uv":[1,0,4.46667,1.23583],"texture":"#0"},"east":{"uv":[1,0,4.46667,1.23583],"texture":"#0"},"south":{"uv":[1,0,4.46667,1.23583],"texture":"#0"},"west":{"uv":[1,0,4.46667,1.23583],"texture":"#0"},"up":{"uv":[1,1.25,4.49167,4.75417],"texture":"#0"},"down":{"uv":[1,1.25,4.49167,4.75417],"texture":"#0"}}}],"gui_light":"front","display":{"thirdperson_righthand":{"rotation":[18.25,0,0],"translation":[0,4.25,1.5],"scale":[0.56,0.56,0.57]},"thirdperson_lefthand":{"rotation":[18.25,0,0],"translation":[0,4.25,1.5],"scale":[0.56,0.56,0.57]},"firstperson_righthand":{"translation":[0,3,0],"scale":[0,0,0]},"firstperson_lefthand":{"translation":[0,3,0],"scale":[0,0,0]},"ground":{"translation":[0,3.25,0],"scale":[0.76,0.75,0.73]},"gui":{"rotation":[20,144,0],"translation":[0,6.25,0]},"head":{"translation":[0,-14.75,0],"scale":[3.54,3.54,3.54]},"fixed":{"translation":[0,5,-6.75],"scale":[1.51,1.48,1.41]}}}