{"credit":"MadewithBlockbench","texture_size":[64,64],"textures":{"1":"japan_street_v3:japan_street_v3/treepot01texture"},"elements":[{"from":[4,0,4],"to":[12,7,12],"rotation":{"angle":0,"axis":"y","origin":[9.0576,9.25747,7.46722]},"faces":{"north":{"uv":[0,0,2,1.75],"texture":"#1"},"east":{"uv":[0,0,2,1.75],"texture":"#1"},"south":{"uv":[0,0,2,1.75],"texture":"#1"},"west":{"uv":[0,0,2,1.75],"texture":"#1"},"up":{"uv":[4.625,4,2.625,2],"texture":"#1"},"down":{"uv":[6,0,4,2],"texture":"#1"}}},{"from":[11,7,5],"to":[12,8,11],"rotation":{"angle":0,"axis":"y","origin":[9.0576,9.25747,7.46722]},"faces":{"north":{"uv":[0.125,3.75,0.375,4],"texture":"#1"},"east":{"uv":[0.125,4,1.625,4.25],"texture":"#1"},"south":{"uv":[0.125,4.25,0.375,4.5],"texture":"#1"},"west":{"uv":[0.125,4.5,1.625,4.75],"texture":"#1"},"up":{"uv":[0.25,3.5,0,2],"texture":"#1"},"down":{"uv":[6.25,0,6,1.5],"texture":"#1"}}},{"from":[4,7,5],"to":[5,8,11],"rotation":{"angle":0,"axis":"y","origin":[6.9424,9.25747,7.46722]},"faces":{"north":{"uv":[0.375,3.75,0.125,4],"texture":"#1"},"east":{"uv":[1.625,4.5,0.125,4.75],"texture":"#1"},"south":{"uv":[0.375,4.25,0.125,4.5],"texture":"#1"},"west":{"uv":[1.625,4,0.125,4.25],"texture":"#1"},"up":{"uv":[0,3.5,0.25,2],"texture":"#1"},"down":{"uv":[6,0,6.25,1.5],"texture":"#1"}}},{"from":[4,7,11],"to":[12,8,12],"rotation":{"angle":0,"axis":"y","origin":[9.0576,9.25747,7.46722]},"faces":{"north":{"uv":[0,3.75,2,4],"texture":"#1"},"east":{"uv":[0,4,0.25,4.25],"texture":"#1"},"south":{"uv":[0,4.25,2,4.5],"texture":"#1"},"west":{"uv":[0.25,4,0,4.25],"texture":"#1"},"up":{"uv":[2,2,0,1.75],"texture":"#1"},"down":{"uv":[8,0,6,0.25],"texture":"#1"}}},{"from":[4,7,4],"to":[12,8,5],"rotation":{"angle":0,"axis":"y","origin":[9.0576,9.25747,8.53278]},"faces":{"north":{"uv":[2,4.25,0,4.5],"texture":"#1"},"east":{"uv":[0.25,4,0,4.25],"texture":"#1"},"south":{"uv":[2,3.75,0,4],"texture":"#1"},"west":{"uv":[0,4,0.25,4.25],"texture":"#1"},"up":{"uv":[2,1.75,0,2],"texture":"#1"},"down":{"uv":[8,0.25,6,0],"texture":"#1"}}},{"from":[5.75,7,5.75],"to":[10.25,11,10.25],"rotation":{"angle":0,"axis":"y","origin":[8,7,8]},"faces":{"north":{"uv":[8.375,0,9.5,1],"texture":"#1"},"east":{"uv":[9.5,2.125,10.625,3.125],"texture":"#1"},"south":{"uv":[8.375,2.125,9.5,3.125],"texture":"#1"},"west":{"uv":[9.5,1,10.625,2],"texture":"#1"},"up":{"uv":[8.375,1,9.5,2.125],"texture":"#1"},"down":{"uv":[6.75,0,7.875,1.125],"texture":"#1"}}}],"gui_light":"front","display":{"thirdperson_righthand":{"rotation":[67.5,0,0],"translation":[0,1.25,0.75],"scale":[0.21391,0.21391,0.21391]},"thirdperson_lefthand":{"rotation":[67.5,0,0],"translation":[0,1.25,0.75],"scale":[0.21391,0.21391,0.21391]},"firstperson_righthand":{"translation":[3,3.5,0],"scale":[0.3711,0.3711,0.3711]},"firstperson_lefthand":{"translation":[3,3.5,0],"scale":[0.3711,0.3711,0.3711]},"ground":{"translation":[0,6,0],"scale":[0.5,0.5,0.5]},"gui":{"rotation":[30,135,0],"translation":[0,2.5,0],"scale":[0.96093,0.96093,0.96093]},"head":{"rotation":[0,180,0],"translation":[0,-30.4,0],"scale":[1.6,1.6,1.6]},"fixed":{"rotation":[-90,0,0],"translation":[0,0,-16],"scale":[2,2,2]}}}