{"credit":"MadewithBlockbench","texture_size":[32,32],"textures":{"0":"elitecreatures:rome_empire_furniture_v1/14_table_lamp_texture","particle":"elitecreatures:rome_empire_furniture_v1/14_table_lamp_texture"},"elements":[{"from":[6.20873,0,7.54799],"to":[7.70873,3.5,9.04799],"rotation":{"angle":22.5,"axis":"x","origin":[6.95873,3,8.29799]},"faces":{"north":{"uv":[5,8.5,5.75,10.25],"texture":"#0"},"east":{"uv":[5,8.5,5.75,10.25],"texture":"#0"},"south":{"uv":[5,8.5,5.75,10.25],"texture":"#0"},"west":{"uv":[5,8.5,5.75,10.25],"texture":"#0"},"up":{"uv":[10.75,10.75,10,10],"texture":"#0"},"down":{"uv":[0.75,10.5,0,11.25],"texture":"#0"}}},{"from":[8.20873,1.84515,5.06964],"to":[9.70873,3.34515,8.06964],"rotation":{"angle":22.5,"axis":"x","origin":[8.95873,1.84515,7.81964]},"faces":{"north":{"uv":[10.5,2,11.25,2.75],"texture":"#0"},"east":{"uv":[9,3,10.5,3.75],"texture":"#0"},"south":{"uv":[10.5,2,11.25,2.75],"texture":"#0"},"west":{"uv":[10.5,3,9,3.75],"texture":"#0"},"up":{"uv":[2.75,10.5,2,9],"texture":"#0"},"down":{"uv":[2.75,10.5,2,9],"texture":"#0"}}},{"from":[6.45873,0,7.79799],"to":[7.45873,1,9.79799],"rotation":{"angle":0,"axis":"y","origin":[6.95873,1.5,8.29799]},"faces":{"north":{"uv":[10,11,10.5,11.5],"texture":"#0"},"east":{"uv":[11.5,3.5,10.5,4],"texture":"#0"},"south":{"uv":[11,10,11.5,10.5],"texture":"#0"},"west":{"uv":[10.5,3.5,11.5,4],"texture":"#0"},"up":{"uv":[7.5,11,7,10],"texture":"#0"},"down":{"uv":[7.5,11,7,10],"texture":"#0"}}},{"from":[8.45873,0,5.19799],"to":[9.45873,3.25,6.19799],"rotation":{"angle":0,"axis":"y","origin":[8.95873,0.5,8.79799]},"faces":{"north":{"uv":[7,8,7.5,9.75],"texture":"#0"},"east":{"uv":[9,6.5,9.5,8.25],"texture":"#0"},"south":{"uv":[7,8,7.5,9.75],"texture":"#0"},"west":{"uv":[9.5,6.5,9,8.25],"texture":"#0"},"up":{"uv":[11,11.5,10.5,11],"texture":"#0"},"down":{"uv":[11.5,10.5,11,11],"texture":"#0"}}},{"from":[8.45873,0,4.19799],"to":[9.45873,0.5,5.19799],"rotation":{"angle":0,"axis":"y","origin":[8.95873,0.5,8.79799]},"faces":{"north":{"uv":[3,11.5,3.5,11.75],"texture":"#0"},"east":{"uv":[11.5,3,12,3.25],"texture":"#0"},"south":{"uv":[3.5,11.5,4,11.75],"texture":"#0"},"west":{"uv":[11.5,3.5,12,3.75],"texture":"#0"},"up":{"uv":[11.5,11.5,11,11],"texture":"#0"},"down":{"uv":[0.5,11.5,0,12],"texture":"#0"}}},{"from":[6.45873,0.25,9.39799],"to":[7.45873,0.75,10.74799],"rotation":{"angle":45,"axis":"x","origin":[6.95873,0.25,10.39799]},"faces":{"north":{"uv":[4,11.5,4.5,11.75],"texture":"#0"},"east":{"uv":[2,11.5,2.75,11.75],"texture":"#0"},"south":{"uv":[11.5,4,12,4.25],"texture":"#0"},"west":{"uv":[11.5,2.5,12.25,2.75],"texture":"#0"},"up":{"uv":[6,11.25,5.5,10.5],"texture":"#0"},"down":{"uv":[11.5,6.5,11,7.25],"texture":"#0"}}},{"from":[6.45873,0.98033,9.67121],"to":[7.45873,1.73033,10.17121],"rotation":{"angle":0,"axis":"y","origin":[6.95873,0.78033,10.22121]},"faces":{"north":{"uv":[11.5,0,12,0.5],"texture":"#0"},"east":{"uv":[4.5,11.5,4.75,12],"texture":"#0"},"south":{"uv":[0.5,11.5,1,12],"texture":"#0"},"west":{"uv":[11.5,4.5,11.75,5],"texture":"#0"},"up":{"uv":[5.5,11.75,5,11.5],"texture":"#0"},"down":{"uv":[12,5,11.5,5.25],"texture":"#0"}}},{"from":[6.45873,3,6.79799],"to":[9.45873,8,9.29799],"rotation":{"angle":0,"axis":"y","origin":[7.95873,4,8.17299]},"faces":{"north":{"uv":[3,6,4.5,8.5],"texture":"#0"},"east":{"uv":[7.25,5.5,6,8],"texture":"#0"},"south":{"uv":[3,6,4.5,8.5],"texture":"#0"},"west":{"uv":[6,5.5,7.25,8],"texture":"#0"},"up":{"uv":[9,4.25,7.5,3],"texture":"#0"},"down":{"uv":[9,4.5,7.5,5.75],"texture":"#0"}}},{"from":[5.64851,7.56199,7.27453],"to":[6.89851,8.56199,8.77453],"rotation":{"angle":-45,"axis":"z","origin":[6.14851,7.96199,8.02453]},"faces":{"north":{"uv":[10.5,4,11.125,4.5],"texture":"#0"},"east":{"uv":[4.5,10.5,5.25,11],"texture":"#0"},"south":{"uv":[11.125,4,10.5,4.5],"texture":"#0"},"west":{"uv":[10.5,5,11.25,5.5],"texture":"#0"},"up":{"uv":[11.25,0.75,10.5,0],"texture":"#0"},"down":{"uv":[1.75,10.5,1,11.25],"texture":"#0"}}},{"from":[4.58178,7.57357,7.53819],"to":[7.33178,8.57357,8.53819],"rotation":{"angle":-45,"axis":"z","origin":[5.70678,8.07357,8.03819]},"faces":{"north":{"uv":[8.5,9,10,9.5],"texture":"#0"},"east":{"uv":[7,11,7.5,11.5],"texture":"#0"},"south":{"uv":[8.5,9,10,9.5],"texture":"#0"},"west":{"uv":[7.5,11,8,11.5],"texture":"#0"},"up":{"uv":[8.5,9,10,9.5],"texture":"#0"},"down":{"uv":[8.5,9,10,9.5],"texture":"#0"}}},{"from":[4.57541,8.52283,7.54],"to":[5.57541,11.27283,8.52],"rotation":{"angle":0,"axis":"y","origin":[5.70678,8.07357,8.03819]},"faces":{"north":{"uv":[8.5,9.5,9,11],"texture":"#0"},"east":{"uv":[8.5,9.5,9,11],"texture":"#0"},"south":{"uv":[8.5,9.5,9,11],"texture":"#0"},"west":{"uv":[8.5,9.5,9,11],"texture":"#0"},"up":{"uv":[11.5,8,11,7.5],"texture":"#0"},"down":{"uv":[8.5,11,8,11.5],"texture":"#0"}}},{"from":[9.10149,7.56199,7.27453],"to":[10.35149,8.56199,8.77453],"rotation":{"angle":45,"axis":"z","origin":[9.85149,7.96199,8.02453]},"faces":{"north":{"uv":[11.125,4,10.5,4.5],"texture":"#0"},"east":{"uv":[11.25,5,10.5,5.5],"texture":"#0"},"south":{"uv":[10.5,4,11.125,4.5],"texture":"#0"},"west":{"uv":[5.25,10.5,4.5,11],"texture":"#0"},"up":{"uv":[10.5,0.75,11.25,0],"texture":"#0"},"down":{"uv":[1,10.5,1.75,11.25],"texture":"#0"}}},{"from":[8.66822,7.57357,7.53819],"to":[11.41822,8.57357,8.53819],"rotation":{"angle":45,"axis":"z","origin":[10.29322,8.07357,8.03819]},"faces":{"north":{"uv":[10,9,8.5,9.5],"texture":"#0"},"east":{"uv":[8,11,7.5,11.5],"texture":"#0"},"south":{"uv":[10,9,8.5,9.5],"texture":"#0"},"west":{"uv":[7.5,11,7,11.5],"texture":"#0"},"up":{"uv":[10,9,8.5,9.5],"texture":"#0"},"down":{"uv":[10,9,8.5,9.5],"texture":"#0"}}},{"from":[10.42459,8.52283,7.54],"to":[11.42459,11.27283,8.52],"rotation":{"angle":0,"axis":"y","origin":[10.29322,8.07357,8.03819]},"faces":{"north":{"uv":[9,9.5,8.5,11],"texture":"#0"},"east":{"uv":[9,9.5,8.5,11],"texture":"#0"},"south":{"uv":[9,9.5,8.5,11],"texture":"#0"},"west":{"uv":[9,9.5,8.5,11],"texture":"#0"},"up":{"uv":[11,8,11.5,7.5],"texture":"#0"},"down":{"uv":[8,11,8.5,11.5],"texture":"#0"}}},{"from":[6.95873,8,6.29799],"to":[8.95873,10.5,8.79799],"rotation":{"angle":-45,"axis":"x","origin":[7.95873,8.26929,8.20101]},"faces":{"north":{"uv":[9,0,10,1.25],"texture":"#0"},"east":{"uv":[7.5,6,8.75,7.25],"texture":"#0"},"south":{"uv":[6,11.5,7,12.75],"texture":"#0"},"west":{"uv":[7.5,6,8.75,7.25],"texture":"#0"},"up":{"uv":[12.5,7.25,11.5,6],"texture":"#0"},"down":{"uv":[8,11.5,7,12.75],"texture":"#0"}}},{"from":[7.70873,7.75418,5.85456],"to":[8.20873,9.25418,6.35456],"rotation":{"angle":-22.5,"axis":"x","origin":[7.95873,8.26929,8.20101]},"faces":{"north":{"uv":[11.5,0.5,11.75,1.25],"texture":"#0"},"east":{"uv":[1,11.5,1.25,12.25],"texture":"#0"},"south":{"uv":[1.5,11.5,1.75,12.25],"texture":"#0"},"west":{"uv":[11.5,1.5,11.75,2.25],"texture":"#0"},"up":{"uv":[5.75,11.75,5.5,11.5],"texture":"#0"},"down":{"uv":[11.75,5.5,11.5,5.75],"texture":"#0"}}},{"from":[5,10.25,5],"to":[11,16.25,11],"rotation":{"angle":45,"axis":"y","origin":[8,15.25,8]},"faces":{"north":{"uv":[0,0,3,3],"texture":"#0"},"east":{"uv":[0,0,3,3],"texture":"#0"},"south":{"uv":[0,0,3,3],"texture":"#0"},"west":{"uv":[0,0,3,3],"texture":"#0"},"up":{"uv":[0,0,3,3],"texture":"#0"},"down":{"uv":[0,0,3,3],"texture":"#0"}}}],"gui_light":"front","display":{"thirdperson_righthand":{"rotation":[67.5,0,0],"translation":[0,1,1.25],"scale":[0.33969,0.33969,0.33969]},"thirdperson_lefthand":{"rotation":[67.5,0,0],"translation":[0,1,1.25],"scale":[0.33969,0.33969,0.33969]},"firstperson_righthand":{"translation":[3.25,3.5,0],"scale":[0.47063,0.47063,0.47063]},"firstperson_lefthand":{"translation":[3.25,3.5,0],"scale":[0.47063,0.47063,0.47063]},"ground":{"translation":[0,6,0],"scale":[0.55,0.55,0.55]},"gui":{"rotation":[30,135,0],"translation":[0,-0.5,0],"scale":[0.86422,0.86422,0.86422]},"head":{"rotation":[0,180,0],"translation":[0,-30.4,0],"scale":[1.6,1.6,1.6]},"fixed":{"rotation":[-90,0,0],"translation":[0,0,-16],"scale":[2,2,2]}}}