{"credit":"MadewithBlockbench","texture_size":[64,64],"textures":{"0":"elitecreatures:rome_empire_furniture_v1/11_weight_balance_machine_texture","particle":"elitecreatures:rome_empire_furniture_v1/11_weight_balance_machine_texture"},"elements":[{"from":[5.5,1,5.5],"to":[10.5,4,10.5],"faces":{"north":{"uv":[1.75,2.5,3,3.25],"texture":"#0"},"east":{"uv":[1.75,2.5,3,3.25],"texture":"#0"},"south":{"uv":[1.75,2.5,3,3.25],"texture":"#0"},"west":{"uv":[1.75,2.5,3,3.25],"texture":"#0"},"up":{"uv":[3,1.25,1.75,0],"texture":"#0"},"down":{"uv":[3,1.25,1.75,2.5],"texture":"#0"}}},{"from":[4.5,4,4.5],"to":[11.5,5,11.5],"faces":{"north":{"uv":[5,3.75,6.75,4],"texture":"#0"},"east":{"uv":[5,3.75,6.75,4],"texture":"#0"},"south":{"uv":[5,3.75,6.75,4],"texture":"#0"},"west":{"uv":[5,3.75,6.75,4],"texture":"#0"},"up":{"uv":[1.75,1.75,0,0],"texture":"#0"},"down":{"uv":[1.75,1.75,0,3.5],"texture":"#0"}}},{"from":[4.5,1.5,3.5],"to":[6.5,2.5,6.5],"rotation":{"angle":45,"axis":"y","origin":[5.5,1.5,5.5]},"faces":{"north":{"uv":[2.5,3.25,3,3.5],"texture":"#0"},"east":{"uv":[3.75,3.25,4.5,3.5],"texture":"#0"},"south":{"uv":[5.25,0.75,5.75,1],"texture":"#0"},"west":{"uv":[6,3,6.75,3.25],"texture":"#0"},"up":{"uv":[5.75,0.75,5.25,0],"texture":"#0"},"down":{"uv":[5.75,0.75,5.25,0],"texture":"#0"}}},{"from":[4.5,0,3.5],"to":[6.5,0.5,5.5],"rotation":{"angle":45,"axis":"y","origin":[5.5,1.5,5.5]},"faces":{"north":{"uv":[0,8,0.5,8.125],"texture":"#0"},"east":{"uv":[8,0,8.5,0.125],"texture":"#0"},"south":{"uv":[8,0.25,8.5,0.375],"texture":"#0"},"west":{"uv":[8,1.25,8.5,1.375],"texture":"#0"},"up":{"uv":[4.75,2.25,4.25,1.75],"texture":"#0"},"down":{"uv":[6.5,2.5,6,3],"texture":"#0"}}},{"from":[3.81434,1.11244,4.29289],"to":[4.81434,2.61244,5.29289],"rotation":{"angle":45,"axis":"z","origin":[4.79289,1.38388,4.79289]},"faces":{"north":{"uv":[5.75,7.25,6,7.625],"texture":"#0"},"east":{"uv":[0.5,7.25,0.75,7.625],"texture":"#0"},"south":{"uv":[5.75,7.25,6,7.625],"texture":"#0"},"west":{"uv":[5.75,7.25,6,7.625],"texture":"#0"},"up":{"uv":[1.75,4.5,1.5,4.25],"texture":"#0"},"down":{"uv":[5.25,5.5,5,5.75],"texture":"#0"}}},{"from":[4.77145,1.11244,4.29289],"to":[5.77145,2.61244,5.29289],"rotation":{"angle":-45,"axis":"z","origin":[4.79289,1.38388,4.79289]},"faces":{"north":{"uv":[5.75,7.25,6,7.625],"texture":"#0"},"east":{"uv":[5.75,7.25,6,7.625],"texture":"#0"},"south":{"uv":[5.75,7.25,6,7.625],"texture":"#0"},"west":{"uv":[7.25,5.5,7.5,5.875],"texture":"#0"},"up":{"uv":[6,1.75,5.75,1.5],"texture":"#0"},"down":{"uv":[7.5,6.5,7.25,6.75],"texture":"#0"}}},{"from":[4.29289,1.11244,3.81434],"to":[5.29289,2.61244,4.81434],"rotation":{"angle":-45,"axis":"x","origin":[4.79289,1.38388,4.79289]},"faces":{"north":{"uv":[5.75,7.25,6,7.625],"texture":"#0"},"east":{"uv":[5.75,7.25,6,7.625],"texture":"#0"},"south":{"uv":[7.25,6,7.5,6.375],"texture":"#0"},"west":{"uv":[5.75,7.25,6,7.625],"texture":"#0"},"up":{"uv":[8.25,1.75,8,1.5],"texture":"#0"},"down":{"uv":[8.25,1.75,8,2],"texture":"#0"}}},{"from":[4.29289,1.11244,4.77145],"to":[5.29289,2.61244,5.77145],"rotation":{"angle":45,"axis":"x","origin":[4.79289,1.38388,4.79289]},"faces":{"north":{"uv":[6.5,7.25,6.75,7.625],"texture":"#0"},"east":{"uv":[5.75,7.25,6,7.625],"texture":"#0"},"south":{"uv":[5.75,7.25,6,7.625],"texture":"#0"},"west":{"uv":[5.75,7.25,6,7.625],"texture":"#0"},"up":{"uv":[2.25,8.25,2,8],"texture":"#0"},"down":{"uv":[8.25,2,8,2.25],"texture":"#0"}}},{"from":[5,2.5,4],"to":[6,2.75,6.5],"rotation":{"angle":45,"axis":"y","origin":[5.5,1.5,5.5]},"faces":{"north":{"uv":[8.25,4,8.5,4.125],"texture":"#0"},"east":{"uv":[7.5,2.25,8.125,2.375],"texture":"#0"},"south":{"uv":[4.25,8.25,4.5,8.375],"texture":"#0"},"west":{"uv":[7.5,4,8.125,4.125],"texture":"#0"},"up":{"uv":[1.75,4.125,1.5,3.5],"texture":"#0"},"down":{"uv":[1.5,4.75,1.25,5.375],"texture":"#0"}}},{"from":[9.5,1.5,3.5],"to":[11.5,2.5,6.5],"rotation":{"angle":-45,"axis":"y","origin":[10.5,1.5,5.5]},"faces":{"north":{"uv":[3,3.25,2.5,3.5],"texture":"#0"},"east":{"uv":[6.75,3,6,3.25],"texture":"#0"},"south":{"uv":[5.75,0.75,5.25,1],"texture":"#0"},"west":{"uv":[4.5,3.25,3.75,3.5],"texture":"#0"},"up":{"uv":[5.25,0.75,5.75,0],"texture":"#0"},"down":{"uv":[5.25,0.75,5.75,0],"texture":"#0"}}},{"from":[9.5,0,3.5],"to":[11.5,0.5,5.5],"rotation":{"angle":-45,"axis":"y","origin":[10.5,1.5,5.5]},"faces":{"north":{"uv":[0.5,8,0,8.125],"texture":"#0"},"east":{"uv":[8.5,1.25,8,1.375],"texture":"#0"},"south":{"uv":[8.5,0.25,8,0.375],"texture":"#0"},"west":{"uv":[8.5,0,8,0.125],"texture":"#0"},"up":{"uv":[4.25,2.25,4.75,1.75],"texture":"#0"},"down":{"uv":[6,2.5,6.5,3],"texture":"#0"}}},{"from":[11.18566,1.11244,4.29289],"to":[12.18566,2.61244,5.29289],"rotation":{"angle":-45,"axis":"z","origin":[11.20711,1.38388,4.79289]},"faces":{"north":{"uv":[6,7.25,5.75,7.625],"texture":"#0"},"east":{"uv":[6,7.25,5.75,7.625],"texture":"#0"},"south":{"uv":[6,7.25,5.75,7.625],"texture":"#0"},"west":{"uv":[0.75,7.25,0.5,7.625],"texture":"#0"},"up":{"uv":[1.5,4.5,1.75,4.25],"texture":"#0"},"down":{"uv":[5,5.5,5.25,5.75],"texture":"#0"}}},{"from":[10.22855,1.11244,4.29289],"to":[11.22855,2.61244,5.29289],"rotation":{"angle":45,"axis":"z","origin":[11.20711,1.38388,4.79289]},"faces":{"north":{"uv":[6,7.25,5.75,7.625],"texture":"#0"},"east":{"uv":[7.5,5.5,7.25,5.875],"texture":"#0"},"south":{"uv":[6,7.25,5.75,7.625],"texture":"#0"},"west":{"uv":[6,7.25,5.75,7.625],"texture":"#0"},"up":{"uv":[5.75,1.75,6,1.5],"texture":"#0"},"down":{"uv":[7.25,6.5,7.5,6.75],"texture":"#0"}}},{"from":[10.70711,1.11244,3.81434],"to":[11.70711,2.61244,4.81434],"rotation":{"angle":-45,"axis":"x","origin":[11.20711,1.38388,4.79289]},"faces":{"north":{"uv":[6,7.25,5.75,7.625],"texture":"#0"},"east":{"uv":[6,7.25,5.75,7.625],"texture":"#0"},"south":{"uv":[7.5,6,7.25,6.375],"texture":"#0"},"west":{"uv":[6,7.25,5.75,7.625],"texture":"#0"},"up":{"uv":[8,1.75,8.25,1.5],"texture":"#0"},"down":{"uv":[8,1.75,8.25,2],"texture":"#0"}}},{"from":[10.70711,1.11244,4.77145],"to":[11.70711,2.61244,5.77145],"rotation":{"angle":45,"axis":"x","origin":[11.20711,1.38388,4.79289]},"faces":{"north":{"uv":[6.75,7.25,6.5,7.625],"texture":"#0"},"east":{"uv":[6,7.25,5.75,7.625],"texture":"#0"},"south":{"uv":[6,7.25,5.75,7.625],"texture":"#0"},"west":{"uv":[6,7.25,5.75,7.625],"texture":"#0"},"up":{"uv":[2,8.25,2.25,8],"texture":"#0"},"down":{"uv":[8,2,8.25,2.25],"texture":"#0"}}},{"from":[10,2.5,4],"to":[11,2.75,6.5],"rotation":{"angle":-45,"axis":"y","origin":[10.5,1.5,5.5]},"faces":{"north":{"uv":[8.5,4,8.25,4.125],"texture":"#0"},"east":{"uv":[8.125,4,7.5,4.125],"texture":"#0"},"south":{"uv":[4.5,8.25,4.25,8.375],"texture":"#0"},"west":{"uv":[8.125,2.25,7.5,2.375],"texture":"#0"},"up":{"uv":[1.5,4.125,1.75,3.5],"texture":"#0"},"down":{"uv":[1.25,4.75,1.5,5.375],"texture":"#0"}}},{"from":[4.5,1.5,9.5],"to":[6.5,2.5,12.5],"rotation":{"angle":-45,"axis":"y","origin":[5.5,1.5,10.5]},"faces":{"north":{"uv":[5.75,0.75,5.25,1],"texture":"#0"},"east":{"uv":[4.5,3.25,3.75,3.5],"texture":"#0"},"south":{"uv":[3,3.25,2.5,3.5],"texture":"#0"},"west":{"uv":[6.75,3,6,3.25],"texture":"#0"},"up":{"uv":[5.75,0,5.25,0.75],"texture":"#0"},"down":{"uv":[5.75,0,5.25,0.75],"texture":"#0"}}},{"from":[4.5,0,10.5],"to":[6.5,0.5,12.5],"rotation":{"angle":-45,"axis":"y","origin":[5.5,1.5,10.5]},"faces":{"north":{"uv":[8.5,0.25,8,0.375],"texture":"#0"},"east":{"uv":[8.5,0,8,0.125],"texture":"#0"},"south":{"uv":[0.5,8,0,8.125],"texture":"#0"},"west":{"uv":[8.5,1.25,8,1.375],"texture":"#0"},"up":{"uv":[4.75,1.75,4.25,2.25],"texture":"#0"},"down":{"uv":[6.5,3,6,2.5],"texture":"#0"}}},{"from":[3.81434,1.11244,10.70711],"to":[4.81434,2.61244,11.70711],"rotation":{"angle":45,"axis":"z","origin":[4.79289,1.38388,11.20711]},"faces":{"north":{"uv":[6,7.25,5.75,7.625],"texture":"#0"},"east":{"uv":[0.75,7.25,0.5,7.625],"texture":"#0"},"south":{"uv":[6,7.25,5.75,7.625],"texture":"#0"},"west":{"uv":[6,7.25,5.75,7.625],"texture":"#0"},"up":{"uv":[1.75,4.25,1.5,4.5],"texture":"#0"},"down":{"uv":[5.25,5.75,5,5.5],"texture":"#0"}}},{"from":[4.77145,1.11244,10.70711],"to":[5.77145,2.61244,11.70711],"rotation":{"angle":-45,"axis":"z","origin":[4.79289,1.38388,11.20711]},"faces":{"north":{"uv":[6,7.25,5.75,7.625],"texture":"#0"},"east":{"uv":[6,7.25,5.75,7.625],"texture":"#0"},"south":{"uv":[6,7.25,5.75,7.625],"texture":"#0"},"west":{"uv":[7.5,5.5,7.25,5.875],"texture":"#0"},"up":{"uv":[6,1.5,5.75,1.75],"texture":"#0"},"down":{"uv":[7.5,6.75,7.25,6.5],"texture":"#0"}}},{"from":[4.29289,1.11244,11.18566],"to":[5.29289,2.61244,12.18566],"rotation":{"angle":45,"axis":"x","origin":[4.79289,1.38388,11.20711]},"faces":{"north":{"uv":[7.5,6,7.25,6.375],"texture":"#0"},"east":{"uv":[6,7.25,5.75,7.625],"texture":"#0"},"south":{"uv":[6,7.25,5.75,7.625],"texture":"#0"},"west":{"uv":[6,7.25,5.75,7.625],"texture":"#0"},"up":{"uv":[8.25,1.5,8,1.75],"texture":"#0"},"down":{"uv":[8.25,2,8,1.75],"texture":"#0"}}},{"from":[4.29289,1.11244,10.22855],"to":[5.29289,2.61244,11.22855],"rotation":{"angle":-45,"axis":"x","origin":[4.79289,1.38388,11.20711]},"faces":{"north":{"uv":[6,7.25,5.75,7.625],"texture":"#0"},"east":{"uv":[6,7.25,5.75,7.625],"texture":"#0"},"south":{"uv":[6.75,7.25,6.5,7.625],"texture":"#0"},"west":{"uv":[6,7.25,5.75,7.625],"texture":"#0"},"up":{"uv":[2.25,8,2,8.25],"texture":"#0"},"down":{"uv":[8.25,2.25,8,2],"texture":"#0"}}},{"from":[5,2.5,9.5],"to":[6,2.75,12],"rotation":{"angle":-45,"axis":"y","origin":[5.5,1.5,10.5]},"faces":{"north":{"uv":[4.5,8.25,4.25,8.375],"texture":"#0"},"east":{"uv":[8.125,2.25,7.5,2.375],"texture":"#0"},"south":{"uv":[8.5,4,8.25,4.125],"texture":"#0"},"west":{"uv":[8.125,4,7.5,4.125],"texture":"#0"},"up":{"uv":[1.75,3.5,1.5,4.125],"texture":"#0"},"down":{"uv":[1.5,5.375,1.25,4.75],"texture":"#0"}}},{"from":[9.5,1.5,9.5],"to":[11.5,2.5,12.5],"rotation":{"angle":45,"axis":"y","origin":[10.5,1.5,10.5]},"faces":{"north":{"uv":[5.25,0.75,5.75,1],"texture":"#0"},"east":{"uv":[6,3,6.75,3.25],"texture":"#0"},"south":{"uv":[2.5,3.25,3,3.5],"texture":"#0"},"west":{"uv":[3.75,3.25,4.5,3.5],"texture":"#0"},"up":{"uv":[5.25,0,5.75,0.75],"texture":"#0"},"down":{"uv":[5.25,0,5.75,0.75],"texture":"#0"}}},{"from":[9.5,0,10.5],"to":[11.5,0.5,12.5],"rotation":{"angle":45,"axis":"y","origin":[10.5,1.5,10.5]},"faces":{"north":{"uv":[8,0.25,8.5,0.375],"texture":"#0"},"east":{"uv":[8,1.25,8.5,1.375],"texture":"#0"},"south":{"uv":[0,8,0.5,8.125],"texture":"#0"},"west":{"uv":[8,0,8.5,0.125],"texture":"#0"},"up":{"uv":[4.25,1.75,4.75,2.25],"texture":"#0"},"down":{"uv":[6,3,6.5,2.5],"texture":"#0"}}},{"from":[11.18566,1.11244,10.70711],"to":[12.18566,2.61244,11.70711],"rotation":{"angle":-45,"axis":"z","origin":[11.20711,1.38388,11.20711]},"faces":{"north":{"uv":[5.75,7.25,6,7.625],"texture":"#0"},"east":{"uv":[5.75,7.25,6,7.625],"texture":"#0"},"south":{"uv":[5.75,7.25,6,7.625],"texture":"#0"},"west":{"uv":[0.5,7.25,0.75,7.625],"texture":"#0"},"up":{"uv":[1.5,4.25,1.75,4.5],"texture":"#0"},"down":{"uv":[5,5.75,5.25,5.5],"texture":"#0"}}},{"from":[10.22855,1.11244,10.70711],"to":[11.22855,2.61244,11.70711],"rotation":{"angle":45,"axis":"z","origin":[11.20711,1.38388,11.20711]},"faces":{"north":{"uv":[5.75,7.25,6,7.625],"texture":"#0"},"east":{"uv":[7.25,5.5,7.5,5.875],"texture":"#0"},"south":{"uv":[5.75,7.25,6,7.625],"texture":"#0"},"west":{"uv":[5.75,7.25,6,7.625],"texture":"#0"},"up":{"uv":[5.75,1.5,6,1.75],"texture":"#0"},"down":{"uv":[7.25,6.75,7.5,6.5],"texture":"#0"}}},{"from":[10.70711,1.11244,11.18566],"to":[11.70711,2.61244,12.18566],"rotation":{"angle":45,"axis":"x","origin":[11.20711,1.38388,11.20711]},"faces":{"north":{"uv":[7.25,6,7.5,6.375],"texture":"#0"},"east":{"uv":[5.75,7.25,6,7.625],"texture":"#0"},"south":{"uv":[5.75,7.25,6,7.625],"texture":"#0"},"west":{"uv":[5.75,7.25,6,7.625],"texture":"#0"},"up":{"uv":[8,1.5,8.25,1.75],"texture":"#0"},"down":{"uv":[8,2,8.25,1.75],"texture":"#0"}}},{"from":[10.70711,1.11244,10.22855],"to":[11.70711,2.61244,11.22855],"rotation":{"angle":-45,"axis":"x","origin":[11.20711,1.38388,11.20711]},"faces":{"north":{"uv":[5.75,7.25,6,7.625],"texture":"#0"},"east":{"uv":[5.75,7.25,6,7.625],"texture":"#0"},"south":{"uv":[6.5,7.25,6.75,7.625],"texture":"#0"},"west":{"uv":[5.75,7.25,6,7.625],"texture":"#0"},"up":{"uv":[2,8,2.25,8.25],"texture":"#0"},"down":{"uv":[8,2.25,8.25,2],"texture":"#0"}}},{"from":[10,2.5,9.5],"to":[11,2.75,12],"rotation":{"angle":45,"axis":"y","origin":[10.5,1.5,10.5]},"faces":{"north":{"uv":[4.25,8.25,4.5,8.375],"texture":"#0"},"east":{"uv":[7.5,4,8.125,4.125],"texture":"#0"},"south":{"uv":[8.25,4,8.5,4.125],"texture":"#0"},"west":{"uv":[7.5,2.25,8.125,2.375],"texture":"#0"},"up":{"uv":[1.5,3.5,1.75,4.125],"texture":"#0"},"down":{"uv":[1.25,5.375,1.5,4.75],"texture":"#0"}}},{"from":[6.5,5.5,6.5],"to":[9.5,7.5,9.5],"faces":{"north":{"uv":[5.75,0,6.5,0.5],"texture":"#0"},"east":{"uv":[5.75,0,6.5,0.5],"texture":"#0"},"south":{"uv":[5.75,0,6.5,0.5],"texture":"#0"},"west":{"uv":[5.75,0,6.5,0.5],"texture":"#0"},"up":{"uv":[5,1.75,4.25,1],"texture":"#0"},"down":{"uv":[1.25,4.75,0.5,5.5],"texture":"#0"}}},{"from":[6.5,16,6.5],"to":[9.5,18,9.5],"faces":{"north":{"uv":[5.75,0,6.5,0.5],"texture":"#0"},"east":{"uv":[5.75,0,6.5,0.5],"texture":"#0"},"south":{"uv":[5.75,0,6.5,0.5],"texture":"#0"},"west":{"uv":[5.75,0,6.5,0.5],"texture":"#0"},"up":{"uv":[5,1.75,4.25,1],"texture":"#0"},"down":{"uv":[5,1.75,4.25,1],"texture":"#0"}}},{"from":[5.85,17.35,7.5],"to":[7.85,18.35,8.5],"rotation":{"angle":-45,"axis":"z","origin":[5.85,18.35,8]},"faces":{"north":{"uv":[4.5,7,5,7.25],"texture":"#0"},"east":{"uv":[2,8.25,2.25,8.5],"texture":"#0"},"south":{"uv":[5,7,4.5,7.25],"texture":"#0"},"west":{"uv":[8.25,2,8.5,2.25],"texture":"#0"},"up":{"uv":[6,7.25,5.5,7],"texture":"#0"},"down":{"uv":[6.5,7,6,7.25],"texture":"#0"}}},{"from":[2.85,17.35,7.51],"to":[5.85,18.35,8.49],"rotation":{"angle":0,"axis":"y","origin":[1.35,0.85,0]},"faces":{"north":{"uv":[6.5,4.75,7.25,5],"texture":"#0"},"east":{"uv":[2.25,8.25,2.5,8.5],"texture":"#0"},"south":{"uv":[7.25,4.75,6.5,5],"texture":"#0"},"west":{"uv":[8.25,2.25,8.5,2.5],"texture":"#0"},"up":{"uv":[7.25,5.5,6.5,5.25],"texture":"#0"},"down":{"uv":[7.25,5.5,6.5,5.75],"texture":"#0"}}},{"from":[-0.15,17.35,7.5],"to":[2.85,18.35,8.5],"rotation":{"angle":22.5,"axis":"z","origin":[2.85,18.35,8]},"faces":{"north":{"uv":[6.5,5.75,7.25,6],"texture":"#0"},"east":{"uv":[2.5,8.25,2.75,8.5],"texture":"#0"},"south":{"uv":[7.25,5.75,6.5,6],"texture":"#0"},"west":{"uv":[8.25,2.5,8.5,2.75],"texture":"#0"},"up":{"uv":[7.25,6.5,6.5,6.25],"texture":"#0"},"down":{"uv":[7.25,6.5,6.5,6.75],"texture":"#0"}}},{"from":[-1.56421,15.52157,7.51],"to":[1.43579,16.52157,8.49],"rotation":{"angle":-22.5,"axis":"z","origin":[2.85,18.35,8]},"faces":{"north":{"uv":[0,6.75,0.75,7],"texture":"#0"},"east":{"uv":[2.75,8.25,3,8.5],"texture":"#0"},"south":{"uv":[0.75,6.75,0,7],"texture":"#0"},"west":{"uv":[8.25,2.75,8.5,3],"texture":"#0"},"up":{"uv":[7.5,1.75,6.75,1.5],"texture":"#0"},"down":{"uv":[7.5,1.75,6.75,2],"texture":"#0"}}},{"from":[8.15,17.35,7.5],"to":[10.15,18.35,8.5],"rotation":{"angle":45,"axis":"z","origin":[10.15,18.35,8]},"faces":{"north":{"uv":[5,7,4.5,7.25],"texture":"#0"},"east":{"uv":[8.5,2,8.25,2.25],"texture":"#0"},"south":{"uv":[4.5,7,5,7.25],"texture":"#0"},"west":{"uv":[2.25,8.25,2,8.5],"texture":"#0"},"up":{"uv":[5.5,7.25,6,7],"texture":"#0"},"down":{"uv":[6,7,6.5,7.25],"texture":"#0"}}},{"from":[10.15,17.35,7.51],"to":[13.15,18.35,8.49],"rotation":{"angle":0,"axis":"y","origin":[14.65,0.85,0]},"faces":{"north":{"uv":[7.25,4.75,6.5,5],"texture":"#0"},"east":{"uv":[8.5,2.25,8.25,2.5],"texture":"#0"},"south":{"uv":[6.5,4.75,7.25,5],"texture":"#0"},"west":{"uv":[2.5,8.25,2.25,8.5],"texture":"#0"},"up":{"uv":[6.5,5.5,7.25,5.25],"texture":"#0"},"down":{"uv":[6.5,5.5,7.25,5.75],"texture":"#0"}}},{"from":[13.15,17.35,7.5],"to":[16.15,18.35,8.5],"rotation":{"angle":-22.5,"axis":"z","origin":[13.15,18.35,8]},"faces":{"north":{"uv":[7.25,5.75,6.5,6],"texture":"#0"},"east":{"uv":[8.5,2.5,8.25,2.75],"texture":"#0"},"south":{"uv":[6.5,5.75,7.25,6],"texture":"#0"},"west":{"uv":[2.75,8.25,2.5,8.5],"texture":"#0"},"up":{"uv":[6.5,6.5,7.25,6.25],"texture":"#0"},"down":{"uv":[6.5,6.5,7.25,6.75],"texture":"#0"}}},{"from":[14.56421,15.52157,7.51],"to":[17.56421,16.52157,8.49],"rotation":{"angle":22.5,"axis":"z","origin":[13.15,18.35,8]},"faces":{"north":{"uv":[0.75,6.75,0,7],"texture":"#0"},"east":{"uv":[8.5,2.75,8.25,3],"texture":"#0"},"south":{"uv":[0,6.75,0.75,7],"texture":"#0"},"west":{"uv":[3,8.25,2.75,8.5],"texture":"#0"},"up":{"uv":[6.75,1.75,7.5,1.5],"texture":"#0"},"down":{"uv":[6.75,1.75,7.5,2],"texture":"#0"}}},{"from":[6.25,5,6.25],"to":[9.75,5.5,9.75],"faces":{"north":{"uv":[7.25,0.75,8.125,0.875],"texture":"#0"},"east":{"uv":[7.25,1,8.125,1.125],"texture":"#0"},"south":{"uv":[2,7.25,2.875,7.375],"texture":"#0"},"west":{"uv":[7.25,2.5,8.125,2.625],"texture":"#0"},"up":{"uv":[3.375,4.375,2.5,3.5],"texture":"#0"},"down":{"uv":[4.375,3.5,3.5,4.375],"texture":"#0"}}},{"from":[6.25,7.5,6.25],"to":[9.75,8,9.75],"faces":{"north":{"uv":[7.25,0.75,8.125,0.875],"texture":"#0"},"east":{"uv":[7.25,1,8.125,1.125],"texture":"#0"},"south":{"uv":[2,7.25,2.875,7.375],"texture":"#0"},"west":{"uv":[7.25,2.5,8.125,2.625],"texture":"#0"},"up":{"uv":[3.375,4.375,2.5,3.5],"texture":"#0"},"down":{"uv":[4.375,3.5,3.5,4.375],"texture":"#0"}}},{"from":[6.85,7.5,7],"to":[8.85,13.5,9],"rotation":{"angle":22.5,"axis":"z","origin":[8.85,8.5,8]},"faces":{"north":{"uv":[1.5,4.5,2,6],"texture":"#0"},"east":{"uv":[1.5,4.5,2,6],"texture":"#0"},"south":{"uv":[1.5,4.5,2,6],"texture":"#0"},"west":{"uv":[1.5,4.5,2,6],"texture":"#0"},"up":{"uv":[5,6.75,4.5,6.25],"texture":"#0"},"down":{"uv":[5.5,6.25,5,6.75],"texture":"#0"}}},{"from":[3.90025,10.62132,7.01],"to":[5.90025,16.62132,8.99],"rotation":{"angle":-22.5,"axis":"z","origin":[8.85,8.5,8]},"faces":{"north":{"uv":[4.5,3.25,5,4.75],"texture":"#0"},"east":{"uv":[4.5,3.25,5,4.75],"texture":"#0"},"south":{"uv":[4.5,3.25,5,4.75],"texture":"#0"},"west":{"uv":[4.5,3.25,5,4.75],"texture":"#0"},"up":{"uv":[6,6.75,5.5,6.25],"texture":"#0"},"down":{"uv":[6.5,6.25,6,6.75],"texture":"#0"}}},{"from":[-0.75,10.2,6.5],"to":[-0.75,15.2,9.5],"rotation":{"angle":0,"axis":"y","origin":[0.5,-0.8,0]},"faces":{"north":{"uv":[0,0,0,1.25],"texture":"#0"},"east":{"uv":[2.5,3.25,1.75,4.5],"texture":"#0"},"south":{"uv":[0,0,0,1.25],"texture":"#0"},"west":{"uv":[1.75,3.25,2.5,4.5],"texture":"#0"},"up":{"uv":[0,0.75,0,0],"texture":"#0"},"down":{"uv":[0,0,0,0.75],"texture":"#0"}}},{"from":[-0.75,15.2,6.5],"to":[-0.75,16.95,9.5],"rotation":{"angle":-45,"axis":"z","origin":[-0.75,15.2,8]},"faces":{"north":{"uv":[0,0,0,0.5],"texture":"#0"},"east":{"uv":[3,6,2.25,6.5],"texture":"#0"},"south":{"uv":[0,0,0,0.5],"texture":"#0"},"west":{"uv":[2.25,6,3,6.5],"texture":"#0"},"up":{"uv":[0,0.75,0,0],"texture":"#0"},"down":{"uv":[0,0,0,0.75],"texture":"#0"}}},{"from":[1.75,15.2,6.5],"to":[1.75,16.95,9.5],"rotation":{"angle":45,"axis":"z","origin":[1.75,15.2,8]},"faces":{"north":{"uv":[0,0,0,0.5],"texture":"#0"},"east":{"uv":[1.5,6,2.25,6.5],"texture":"#0"},"south":{"uv":[0,0,0,0.5],"texture":"#0"},"west":{"uv":[2.25,6,1.5,6.5],"texture":"#0"},"up":{"uv":[0,0.75,0,0],"texture":"#0"},"down":{"uv":[0,0,0,0.75],"texture":"#0"}}},{"from":[1.75,10.2,6.5],"to":[1.75,15.2,9.5],"rotation":{"angle":0,"axis":"y","origin":[0.5,-0.8,0]},"faces":{"north":{"uv":[0,0,0,1.25],"texture":"#0"},"east":{"uv":[0,3.5,0.75,4.75],"texture":"#0"},"south":{"uv":[0,0,0,1.25],"texture":"#0"},"west":{"uv":[0.75,3.5,0,4.75],"texture":"#0"},"up":{"uv":[0,0.75,0,0],"texture":"#0"},"down":{"uv":[0,0,0,0.75],"texture":"#0"}}},{"from":[-1,9.2,6.5],"to":[2,10.2,9.5],"rotation":{"angle":0,"axis":"y","origin":[0.5,-0.8,0]},"faces":{"north":{"uv":[6.75,6.75,7.5,7],"texture":"#0"},"east":{"uv":[6.75,6.75,7.5,7],"texture":"#0"},"south":{"uv":[6.75,6.75,7.5,7],"texture":"#0"},"west":{"uv":[6.75,6.75,7.5,7],"texture":"#0"},"up":{"uv":[5.25,5.5,4.5,4.75],"texture":"#0"},"down":{"uv":[5.25,5.5,4.5,4.75],"texture":"#0"}}},{"from":[-0.5,8.7,7],"to":[1.5,10.7,9],"rotation":{"angle":0,"axis":"y","origin":[0.5,-0.8,0]},"faces":{"north":{"uv":[6.5,0,7,0.5],"texture":"#0"},"east":{"uv":[6.5,0,7,0.5],"texture":"#0"},"south":{"uv":[6.5,0,7,0.5],"texture":"#0"},"west":{"uv":[6.5,0,7,0.5],"texture":"#0"},"up":{"uv":[2.5,7,2,6.5],"texture":"#0"},"down":{"uv":[2.5,7,2,6.5],"texture":"#0"}}},{"from":[0.25,10.7,7.25],"to":[0.75,11.45,8],"rotation":{"angle":22.5,"axis":"y","origin":[0.5,11.075,7.875]},"faces":{"north":{"uv":[3.125,1.25,3,1.5],"rotation":180,"texture":"#0"},"east":{"uv":[3,0,3.25,0.25],"rotation":270,"texture":"#0"},"south":{"uv":[3.125,1.25,3,1],"texture":"#0"},"west":{"uv":[3,0.25,3.25,0.5],"rotation":90,"texture":"#0"},"up":{"uv":[3,0.5,3.125,0.75],"rotation":180,"texture":"#0"},"down":{"uv":[3,0.75,3.125,1],"texture":"#0"}}},{"from":[0.25,10.45,7.5],"to":[0.75,11.2,8.25],"rotation":{"angle":-45,"axis":"y","origin":[0.5,11.075,7.875]},"faces":{"north":{"uv":[3,0.5,3.125,0.75],"texture":"#0"},"east":{"uv":[3,0,3.25,0.25],"texture":"#0"},"south":{"uv":[3,0.75,3.125,1],"texture":"#0"},"west":{"uv":[3,0.25,3.25,0.5],"texture":"#0"},"up":{"uv":[3.125,1.25,3,1],"texture":"#0"},"down":{"uv":[3.125,1.25,3,1.5],"texture":"#0"}}},{"from":[15.25,10.45,7.5],"to":[15.75,11.2,8.25],"rotation":{"angle":-22.5,"axis":"x","origin":[15.5,11.075,7.875]},"faces":{"north":{"uv":[3.125,0.5,3,0.75],"texture":"#0"},"east":{"uv":[3.25,0.25,3,0.5],"texture":"#0"},"south":{"uv":[3.125,0.75,3,1],"texture":"#0"},"west":{"uv":[3.25,0,3,0.25],"texture":"#0"},"up":{"uv":[3,1.25,3.125,1],"texture":"#0"},"down":{"uv":[3,1.25,3.125,1.5],"texture":"#0"}}},{"from":[15.25,10.45,7.5],"to":[15.75,11.2,8.25],"rotation":{"angle":45,"axis":"y","origin":[15.5,11.075,7.875]},"faces":{"north":{"uv":[3.125,0.5,3,0.75],"texture":"#0"},"east":{"uv":[3.25,0.25,3,0.5],"texture":"#0"},"south":{"uv":[3.125,0.75,3,1],"texture":"#0"},"west":{"uv":[3.25,0,3,0.25],"texture":"#0"},"up":{"uv":[3,1.25,3.125,1],"texture":"#0"},"down":{"uv":[3,1.25,3.125,1.5],"texture":"#0"}}},{"from":[16.75,10.2,6.5],"to":[16.75,15.2,9.5],"rotation":{"angle":0,"axis":"y","origin":[15.5,-0.8,0]},"faces":{"north":{"uv":[0,0,0,1.25],"texture":"#0"},"east":{"uv":[2.5,3.25,1.75,4.5],"texture":"#0"},"south":{"uv":[0,0,0,1.25],"texture":"#0"},"west":{"uv":[1.75,3.25,2.5,4.5],"texture":"#0"},"up":{"uv":[0,0.75,0,0],"texture":"#0"},"down":{"uv":[0,0,0,0.75],"texture":"#0"}}},{"from":[16.75,15.2,6.5],"to":[16.75,16.95,9.5],"rotation":{"angle":45,"axis":"z","origin":[16.75,15.2,8]},"faces":{"north":{"uv":[0,0,0,0.5],"texture":"#0"},"east":{"uv":[3,6,2.25,6.5],"texture":"#0"},"south":{"uv":[0,0,0,0.5],"texture":"#0"},"west":{"uv":[2.25,6,3,6.5],"texture":"#0"},"up":{"uv":[0,0.75,0,0],"texture":"#0"},"down":{"uv":[0,0,0,0.75],"texture":"#0"}}},{"from":[14.25,15.2,6.5],"to":[14.25,16.95,9.5],"rotation":{"angle":-45,"axis":"z","origin":[14.25,15.2,8]},"faces":{"north":{"uv":[0,0,0,0.5],"texture":"#0"},"east":{"uv":[1.5,6,2.25,6.5],"texture":"#0"},"south":{"uv":[0,0,0,0.5],"texture":"#0"},"west":{"uv":[2.25,6,1.5,6.5],"texture":"#0"},"up":{"uv":[0,0.75,0,0],"texture":"#0"},"down":{"uv":[0,0,0,0.75],"texture":"#0"}}},{"from":[14.25,10.2,6.5],"to":[14.25,15.2,9.5],"rotation":{"angle":0,"axis":"y","origin":[15.5,-0.8,0]},"faces":{"north":{"uv":[0,0,0,1.25],"texture":"#0"},"east":{"uv":[0,3.5,0.75,4.75],"texture":"#0"},"south":{"uv":[0,0,0,1.25],"texture":"#0"},"west":{"uv":[0.75,3.5,0,4.75],"texture":"#0"},"up":{"uv":[0,0.75,0,0],"texture":"#0"},"down":{"uv":[0,0,0,0.75],"texture":"#0"}}},{"from":[14,9.2,6.5],"to":[17,10.2,9.5],"rotation":{"angle":0,"axis":"y","origin":[15.5,-0.8,0]},"faces":{"north":{"uv":[7.5,6.75,6.75,7],"texture":"#0"},"east":{"uv":[7.5,6.75,6.75,7],"texture":"#0"},"south":{"uv":[7.5,6.75,6.75,7],"texture":"#0"},"west":{"uv":[7.5,6.75,6.75,7],"texture":"#0"},"up":{"uv":[4.5,5.5,5.25,4.75],"texture":"#0"},"down":{"uv":[4.5,5.5,5.25,4.75],"texture":"#0"}}},{"from":[14.5,8.7,7],"to":[16.5,10.7,9],"rotation":{"angle":0,"axis":"y","origin":[15.5,-0.8,0]},"faces":{"north":{"uv":[7,0,6.5,0.5],"texture":"#0"},"east":{"uv":[7,0,6.5,0.5],"texture":"#0"},"south":{"uv":[7,0,6.5,0.5],"texture":"#0"},"west":{"uv":[7,0,6.5,0.5],"texture":"#0"},"up":{"uv":[2,7,2.5,6.5],"texture":"#0"},"down":{"uv":[2,7,2.5,6.5],"texture":"#0"}}}],"gui_light":"front","display":{"thirdperson_righthand":{"rotation":[67.5,0,0],"translation":[0,1.25,1],"scale":[0.26711,0.26711,0.26711]},"thirdperson_lefthand":{"rotation":[67.5,0,0],"translation":[0,1.25,1],"scale":[0.26711,0.26711,0.26711]},"firstperson_righthand":{"translation":[2,3.75,0],"scale":[0.3993,0.3993,0.3993]},"firstperson_lefthand":{"translation":[2,3.75,0],"scale":[0.3993,0.3993,0.3993]},"ground":{"translation":[0,6,0],"scale":[0.5,0.5,0.5]},"gui":{"rotation":[30,135,0],"translation":[0,-1,0],"scale":[0.69227,0.69227,0.69227]},"head":{"rotation":[0,180,0],"translation":[0,-30.4,0],"scale":[1.6,1.6,1.6]},"fixed":{"rotation":[-90,0,0],"translation":[0,0,-16],"scale":[2,2,2]}}}