{"overrides":[{"predicate":{"custom_model_data":1},"model":"modelengine:fx_bead_yang/body"},{"predicate":{"custom_model_data":2},"model":"modelengine:fx_bead_yin/body"},{"predicate":{"custom_model_data":3},"model":"modelengine:fx_cursed_chord/body"},{"predicate":{"custom_model_data":4},"model":"modelengine:fx_earth_armor/bone3"},{"predicate":{"custom_model_data":5},"model":"modelengine:fx_earth_armor/bone2"},{"predicate":{"custom_model_data":6},"model":"modelengine:fx_earth_armor/bone4"},{"predicate":{"custom_model_data":7},"model":"modelengine:fx_earth_armor/bone"},{"predicate":{"custom_model_data":8},"model":"modelengine:fx_hurricane/mid"},{"predicate":{"custom_model_data":9},"model":"modelengine:fx_hurricane/top"},{"predicate":{"custom_model_data":10},"model":"modelengine:fx_hurricane/bottom"},{"predicate":{"custom_model_data":11},"model":"modelengine:fx_ice_shard/body"},{"predicate":{"custom_model_data":12},"model":"modelengine:fx_skull/bone"},{"predicate":{"custom_model_data":13},"model":"modelengine:fx_spiritual_sword/body"},{"predicate":{"custom_model_data":14},"model":"modelengine:fx_totem/body"},{"predicate":{"custom_model_data":15},"model":"modelengine:pet_bard/body"},{"predicate":{"custom_model_data":16},"model":"modelengine:pet_bard/left_leg"},{"predicate":{"custom_model_data":17},"model":"modelengine:pet_bard/right_arm"},{"predicate":{"custom_model_data":18},"model":"modelengine:pet_bard/right_leg"},{"predicate":{"custom_model_data":19},"model":"modelengine:pet_bard/left_arm"},{"predicate":{"custom_model_data":20},"model":"modelengine:pet_bard/cape"},{"predicate":{"custom_model_data":21},"model":"modelengine:pet_bard/left_weapon"},{"predicate":{"custom_model_data":22},"model":"modelengine:pet_cleric/body"},{"predicate":{"custom_model_data":23},"model":"modelengine:pet_cleric/left_leg"},{"predicate":{"custom_model_data":24},"model":"modelengine:pet_cleric/right_arm"},{"predicate":{"custom_model_data":25},"model":"modelengine:pet_cleric/right_leg"},{"predicate":{"custom_model_data":26},"model":"modelengine:pet_cleric/left_arm"},{"predicate":{"custom_model_data":27},"model":"modelengine:pet_cleric/left_weapon"},{"predicate":{"custom_model_data":28},"model":"modelengine:pet_elementalist/body"},{"predicate":{"custom_model_data":29},"model":"modelengine:pet_elementalist/left_leg"},{"predicate":{"custom_model_data":30},"model":"modelengine:pet_elementalist/right_arm"},{"predicate":{"custom_model_data":31},"model":"modelengine:pet_elementalist/right_leg"},{"predicate":{"custom_model_data":32},"model":"modelengine:pet_elementalist/left_arm"},{"predicate":{"custom_model_data":33},"model":"modelengine:pet_monk/right_bead"},{"predicate":{"custom_model_data":34},"model":"modelengine:pet_monk/left_bead"},{"predicate":{"custom_model_data":35},"model":"modelengine:pet_monk/body"},{"predicate":{"custom_model_data":36},"model":"modelengine:pet_monk/right_back_bead"},{"predicate":{"custom_model_data":37},"model":"modelengine:pet_monk/left_back_bead"},{"predicate":{"custom_model_data":38},"model":"modelengine:pet_monk/left_leg"},{"predicate":{"custom_model_data":39},"model":"modelengine:pet_monk/right_arm"},{"predicate":{"custom_model_data":40},"model":"modelengine:pet_monk/right_leg"},{"predicate":{"custom_model_data":41},"model":"modelengine:pet_monk/left_arm"},{"predicate":{"custom_model_data":42},"model":"modelengine:pet_necromancer/body"},{"predicate":{"custom_model_data":43},"model":"modelengine:pet_necromancer/skull"},{"predicate":{"custom_model_data":44},"model":"modelengine:pet_necromancer/left_leg"},{"predicate":{"custom_model_data":45},"model":"modelengine:pet_necromancer/right_arm"},{"predicate":{"custom_model_data":46},"model":"modelengine:pet_necromancer/right_leg"},{"predicate":{"custom_model_data":47},"model":"modelengine:pet_necromancer/left_arm"},{"predicate":{"custom_model_data":48},"model":"modelengine:pet_shadowmancer/body"},{"predicate":{"custom_model_data":49},"model":"modelengine:pet_shadowmancer/orb"},{"predicate":{"custom_model_data":50},"model":"modelengine:pet_shadowmancer/right_arm"},{"predicate":{"custom_model_data":51},"model":"modelengine:pet_shadowmancer/left_arm"},{"predicate":{"custom_model_data":52},"model":"modelengine:pet_shaman/body"},{"predicate":{"custom_model_data":53},"model":"modelengine:pet_shaman/left_leg"},{"predicate":{"custom_model_data":54},"model":"modelengine:pet_shaman/right_arm"},{"predicate":{"custom_model_data":55},"model":"modelengine:pet_shaman/right_leg"},{"predicate":{"custom_model_data":56},"model":"modelengine:pet_shaman/left_arm"},{"predicate":{"custom_model_data":57},"model":"modelengine:pet_shaman/left_weapon"},{"predicate":{"custom_model_data":58},"model":"modelengine:pet_summoner/guardian"},{"predicate":{"custom_model_data":59},"model":"modelengine:pet_summoner/body"},{"predicate":{"custom_model_data":60},"model":"modelengine:pet_summoner/tome"},{"predicate":{"custom_model_data":61},"model":"modelengine:pet_summoner/chest"},{"predicate":{"custom_model_data":62},"model":"modelengine:pet_summoner/right_arm"},{"predicate":{"custom_model_data":63},"model":"modelengine:pet_summoner/left_arm"},{"predicate":{"custom_model_data":64},"model":"modelengine:pet_summoner/gd_head"},{"predicate":{"custom_model_data":65},"model":"modelengine:pet_summoner/gd_right_arm"},{"predicate":{"custom_model_data":66},"model":"modelengine:pet_summoner/gd_left_arm"},{"predicate":{"custom_model_data":67},"model":"modelengine:pet_summoner/gd_right_wrist"},{"predicate":{"custom_model_data":68},"model":"modelengine:pet_summoner/gd_left_wrist"},{"predicate":{"custom_model_data":69},"model":"modelengine:pet_summoner/gd_weapon"},{"predicate":{"custom_model_data":10000},"model":"magic_store:cosmetics/random_cosmetic_v1/random_cosmetic_v1_behind_skateboard"},{"predicate":{"custom_model_data":10001},"model":"magic_store:cosmetics/random_cosmetic_v1/random_cosmetic_v1_behind_surfboard"},{"predicate":{"custom_model_data":10002},"model":"magic_store:cosmetics/random_cosmetic_v1/random_cosmetic_v1_behind_swim"},{"predicate":{"custom_model_data":10003},"model":"magic_store:cosmetics/random_cosmetic_v1/random_cosmetic_v1_behind_angle_wing"},{"predicate":{"custom_model_data":10004},"model":"item/leather_horse_armor"}],"parent":"minecraft:item/generated","textures":{"layer0":"minecraft:item/leather_horse_armor"}}