{"credit":"Made with Blockbench","texture_size":[256,128],"textures":{"2":"farmdeco:farmer_decoration_v1/farmer_rice_basket"},"elements":[{"from":[1,0,1],"to":[15,1,15],"faces":{"north":{"uv":[13.25,8.25,14.5,8.5],"texture":"#2"},"east":{"uv":[13.25,8.25,14.5,8.5],"texture":"#2"},"south":{"uv":[13.25,8.25,14.5,8.5],"texture":"#2"},"west":{"uv":[13.25,8.25,14.5,8.5],"texture":"#2"},"up":{"uv":[13.25,10.5,12,8],"texture":"#2"},"down":{"uv":[13.25,10.5,12,13],"texture":"#2"}}},{"from":[1,8,1],"to":[15,9,15],"faces":{"north":{"uv":[13.25,8.25,14.5,8.5],"texture":"#2"},"east":{"uv":[13.25,8.25,14.5,8.5],"texture":"#2"},"south":{"uv":[13.25,8.25,14.5,8.5],"texture":"#2"},"west":{"uv":[13.25,8.25,14.5,8.5],"texture":"#2"},"up":{"uv":[13.25,10.5,12,8],"texture":"#2"},"down":{"uv":[13.25,10.5,12,13],"texture":"#2"}}},{"from":[2,1,2],"to":[14,8,14],"faces":{"north":{"uv":[10.25,6.25,11.75,8],"texture":"#2"},"east":{"uv":[10.25,6.25,11.75,8],"texture":"#2"},"south":{"uv":[10.25,6.25,11.75,8],"texture":"#2"},"west":{"uv":[10.25,6.25,11.75,8],"texture":"#2"},"up":{"uv":[13.25,10.5,12,8],"texture":"#2"},"down":{"uv":[13.25,10.5,12,13],"texture":"#2"}}},{"from":[0,8,1.75],"to":[16,14,1.75],"rotation":{"angle":-22.5,"axis":"x","origin":[8,9,1.75]},"faces":{"north":{"uv":[12,4,10,5.5],"texture":"#2"},"east":{"uv":[8,0,8,4],"texture":"#2"},"south":{"uv":[12,4,10,5.5],"texture":"#2"},"west":{"uv":[8,0,8,4],"texture":"#2"},"up":{"uv":[10,0,8,0],"texture":"#2"},"down":{"uv":[10,0,8,0],"texture":"#2"}}},{"from":[0,8,14.25],"to":[16,14,14.25],"rotation":{"angle":22.5,"axis":"x","origin":[8,9,14.25]},"faces":{"north":{"uv":[10,4,12,5.5],"texture":"#2"},"east":{"uv":[8,0,8,4],"texture":"#2"},"south":{"uv":[10,4,12,5.5],"texture":"#2"},"west":{"uv":[8,0,8,4],"texture":"#2"},"up":{"uv":[10,0,8,0],"texture":"#2"},"down":{"uv":[10,0,8,0],"texture":"#2"}}},{"from":[14,8,-0.25],"to":[14,14,15.75],"rotation":{"angle":-22.5,"axis":"z","origin":[14,9,7.75]},"faces":{"north":{"uv":[8,0,8,4],"texture":"#2"},"east":{"uv":[12,4,10,5.5],"texture":"#2"},"south":{"uv":[8,0,8,4],"texture":"#2"},"west":{"uv":[12,4,10,5.5],"texture":"#2"},"up":{"uv":[10,0,8,0],"rotation":90,"texture":"#2"},"down":{"uv":[10,0,8,0],"rotation":270,"texture":"#2"}}},{"from":[1.5,8,-0.25],"to":[1.5,14,15.75],"rotation":{"angle":22.5,"axis":"z","origin":[1.5,9,7.75]},"faces":{"north":{"uv":[8,0,8,4],"texture":"#2"},"east":{"uv":[10,4,12,5.5],"texture":"#2"},"south":{"uv":[8,0,8,4],"texture":"#2"},"west":{"uv":[10,4,12,5.5],"texture":"#2"},"up":{"uv":[10,0,8,0],"rotation":90,"texture":"#2"},"down":{"uv":[10,0,8,0],"rotation":270,"texture":"#2"}}},{"from":[0.98113,2.80135,3.15076],"to":[12.98113,16.80135,3.15076],"rotation":{"angle":-22.5,"axis":"y","origin":[8.98113,11.80135,6.15076]},"faces":{"north":{"uv":[0,8,4,0],"rotation":270,"texture":"#2"},"east":{"uv":[4,0,0,0],"rotation":90,"texture":"#2"},"south":{"uv":[0,0,4,8],"rotation":270,"texture":"#2"},"west":{"uv":[4,0,0,0],"rotation":90,"texture":"#2"},"up":{"uv":[0,0,0,8],"rotation":270,"texture":"#2"},"down":{"uv":[0,0,0,8],"rotation":270,"texture":"#2"}}},{"from":[13.75488,2.63657,1.15076],"to":[13.75488,16.63657,13.15076],"rotation":{"angle":0,"axis":"y","origin":[3.75488,9.63657,12.15076]},"faces":{"north":{"uv":[4,0,0,0],"rotation":90,"texture":"#2"},"east":{"uv":[0,8,4,0],"rotation":270,"texture":"#2"},"south":{"uv":[4,0,0,0],"rotation":90,"texture":"#2"},"west":{"uv":[0,0,4,8],"rotation":270,"texture":"#2"},"up":{"uv":[0,0,0,8],"texture":"#2"},"down":{"uv":[0,0,0,8],"rotation":180,"texture":"#2"}}},{"from":[2.75488,2.63657,7.15076],"to":[14.75488,16.63657,7.15076],"rotation":{"angle":22.5,"axis":"y","origin":[8.75488,9.63657,7.15076]},"faces":{"north":{"uv":[0,0,4,8],"rotation":270,"texture":"#2"},"east":{"uv":[4,0,0,0],"rotation":90,"texture":"#2"},"south":{"uv":[0,8,4,0],"rotation":270,"texture":"#2"},"west":{"uv":[4,0,0,0],"rotation":90,"texture":"#2"},"up":{"uv":[0,0,0,8],"rotation":90,"texture":"#2"},"down":{"uv":[0,0,0,8],"rotation":90,"texture":"#2"}}},{"from":[8.75488,2.63657,1.15076],"to":[8.75488,16.63657,13.15076],"rotation":{"angle":22.5,"axis":"y","origin":[8.75488,9.63657,7.15076]},"faces":{"north":{"uv":[4,0,0,0],"rotation":90,"texture":"#2"},"east":{"uv":[0,0,4,8],"rotation":270,"texture":"#2"},"south":{"uv":[4,0,0,0],"rotation":90,"texture":"#2"},"west":{"uv":[0,8,4,0],"rotation":270,"texture":"#2"},"up":{"uv":[0,0,0,8],"rotation":180,"texture":"#2"},"down":{"uv":[0,0,0,8],"texture":"#2"}}},{"from":[3.75488,2.63657,14.15076],"to":[15.75488,16.63657,14.15076],"rotation":{"angle":22.5,"axis":"y","origin":[3.75488,9.63657,12.15076]},"faces":{"north":{"uv":[0,0,4,8],"rotation":270,"texture":"#2"},"east":{"uv":[4,0,0,0],"rotation":90,"texture":"#2"},"south":{"uv":[0,8,4,0],"rotation":270,"texture":"#2"},"west":{"uv":[4,0,0,0],"rotation":90,"texture":"#2"},"up":{"uv":[0,0,0,8],"rotation":90,"texture":"#2"},"down":{"uv":[0,0,0,8],"rotation":90,"texture":"#2"}}},{"from":[-3.09829,3.01925,6.08005],"to":[8.90171,17.01925,6.08005],"rotation":{"angle":45,"axis":"y","origin":[2.90171,10.01925,6.08005]},"faces":{"north":{"uv":[0,8,4,0],"rotation":270,"texture":"#2"},"east":{"uv":[4,0,0,0],"rotation":90,"texture":"#2"},"south":{"uv":[0,0,4,8],"rotation":270,"texture":"#2"},"west":{"uv":[4,0,0,0],"rotation":90,"texture":"#2"},"up":{"uv":[0,0,0,8],"rotation":270,"texture":"#2"},"down":{"uv":[0,0,0,8],"rotation":270,"texture":"#2"}}},{"from":[3.90171,3.01925,1.08005],"to":[3.90171,17.01925,13.08005],"rotation":{"angle":45,"axis":"y","origin":[2.90171,10.01925,7.08005]},"faces":{"north":{"uv":[4,0,0,0],"rotation":90,"texture":"#2"},"east":{"uv":[0,8,4,0],"rotation":270,"texture":"#2"},"south":{"uv":[4,0,0,0],"rotation":90,"texture":"#2"},"west":{"uv":[0,0,4,8],"rotation":270,"texture":"#2"},"up":{"uv":[0,0,0,8],"texture":"#2"},"down":{"uv":[0,0,0,8],"rotation":180,"texture":"#2"}}},{"from":[4.75488,2.63657,6.15076],"to":[4.75488,16.63657,18.15076],"rotation":{"angle":22.5,"axis":"y","origin":[3.75488,9.63657,12.15076]},"faces":{"north":{"uv":[4,0,0,0],"rotation":90,"texture":"#2"},"east":{"uv":[0,0,4,8],"rotation":270,"texture":"#2"},"south":{"uv":[4,0,0,0],"rotation":90,"texture":"#2"},"west":{"uv":[0,8,4,0],"rotation":270,"texture":"#2"},"up":{"uv":[0,0,0,8],"rotation":180,"texture":"#2"},"down":{"uv":[0,0,0,8],"texture":"#2"}}}],"gui_light":"front","display":{"thirdperson_righthand":{"rotation":[0,95,0],"translation":[0,3,1.75],"scale":[0.35,0.35,0.35]},"thirdperson_lefthand":{"rotation":[0,95,0],"translation":[0,3,1.75],"scale":[0.35,0.35,0.35]},"firstperson_righthand":{"rotation":[0,95,0],"translation":[0,3,1.75],"scale":[0.58,0.58,0.58]},"firstperson_lefthand":{"rotation":[0,95,0],"translation":[0,3,1.75],"scale":[0.58,0.58,0.58]},"ground":{"translation":[0,2,0],"scale":[0.5,0.5,0.5]},"gui":{"rotation":[30,225,0],"scale":[0.46,0.46,0.46]},"head":{"translation":[0,-30.25,0],"scale":[1.6,1.6,1.6]},"fixed":{"rotation":[-88,45,88],"translation":[2.5,-3.5,-2],"scale":[0,0,0]}}}