{"credit":"MadewithBlockbench","texture_size":[32,32],"textures":{"2":"omstore:woodpack_1/woodtex_1"},"elements":[{"from":[2,7.29753,4.27985],"to":[14,10.29753,16.27985],"rotation":{"angle":0,"axis":"x","origin":[8,8.5,11.86047]},"faces":{"north":{"uv":[6,7,0,8.5],"texture":"#2"},"east":{"uv":[6,7,0,8.5],"texture":"#2"},"south":{"uv":[6,7,0,8.5],"texture":"#2"},"west":{"uv":[6,7,0,8.5],"texture":"#2"},"up":{"uv":[9,7,15,1],"texture":"#2"},"down":{"uv":[9,7,15,1],"texture":"#2"}}},{"from":[2,0,4],"to":[14,2,16],"rotation":{"angle":0,"axis":"y","origin":[8,8.5,11.86047]},"faces":{"north":{"uv":[6,0,0,1],"texture":"#2"},"east":{"uv":[6,0,0,1],"texture":"#2"},"south":{"uv":[6,0,0,1],"texture":"#2"},"west":{"uv":[6,0,0,1],"texture":"#2"},"up":{"uv":[0,7,6,1],"texture":"#2"},"down":{"uv":[0,1,6,0],"texture":"#2"}}},{"from":[6,1,8],"to":[10,10,12],"rotation":{"angle":0,"axis":"y","origin":[8,8.5,11.86047]},"faces":{"north":{"uv":[8,0,6,4.5],"texture":"#2"},"east":{"uv":[8,0,6,4.5],"texture":"#2"},"south":{"uv":[6,0,8,4.5],"texture":"#2"},"west":{"uv":[8,0,6,4.5],"texture":"#2"},"up":{"uv":[6,4.5,8,0],"texture":"#2"},"down":{"uv":[6,4.5,8,0],"texture":"#2"}}}],"gui_light":"front","display":{"thirdperson_righthand":{"rotation":[0,180,0],"translation":[0,1.75,1.5],"scale":[0.2,0.2,0.2]},"thirdperson_lefthand":{"rotation":[0,180,0],"translation":[0,1.75,1.5],"scale":[0.2,0.2,0.2]},"firstperson_righthand":{"rotation":[-180,75,-180],"translation":[0.5,0.25,0],"scale":[0.5,0.5,0.5]},"firstperson_lefthand":{"rotation":[-180,75,-180],"translation":[0.5,0.25,0],"scale":[0.5,0.5,0.5]},"ground":{"translation":[0,2.25,0],"scale":[0.3,0.3,0.3]},"gui":{"rotation":[-150,45,180],"translation":[-1,0.75,0],"scale":[0.7,0.7,0.7]},"head":{"rotation":[0,-180,0],"translation":[0,-30.25,0],"scale":[1.63,1.63,1.63]},"fixed":{"rotation":[-90,0,0],"translation":[0,0,-16],"scale":[2,2,2]}}}