{"credit":"MadewithBlockbench","texture_size":[64,64],"textures":{"1":"pack_japan_furniture_v3:japan_furniture_v3/jf3_table_small"},"elements":[{"from":[15.5,0,3],"to":[16.5,6,4],"faces":{"north":{"uv":[4.75,5,5,6.5],"texture":"#1"},"east":{"uv":[4.75,5,5,6.5],"texture":"#1"},"south":{"uv":[4.75,5,5,6.5],"texture":"#1"},"west":{"uv":[4.75,5,5,6.5],"texture":"#1"},"up":{"uv":[5.75,2.25,5.5,2],"texture":"#1"},"down":{"uv":[2.5,5.5,2.25,5.75],"texture":"#1"}}},{"from":[-0.5,0,3],"to":[0.5,6,4],"faces":{"north":{"uv":[4.75,5,5,6.5],"texture":"#1"},"east":{"uv":[4.75,5,5,6.5],"texture":"#1"},"south":{"uv":[4.75,5,5,6.5],"texture":"#1"},"west":{"uv":[4.75,5,5,6.5],"texture":"#1"},"up":{"uv":[5.75,2.25,5.5,2],"texture":"#1"},"down":{"uv":[2.5,5.5,2.25,5.75],"texture":"#1"}}},{"from":[-0.5,0,12],"to":[0.5,6,13],"faces":{"north":{"uv":[4.75,5,5,6.5],"texture":"#1"},"east":{"uv":[4.75,5,5,6.5],"texture":"#1"},"south":{"uv":[4.75,5,5,6.5],"texture":"#1"},"west":{"uv":[4.75,5,5,6.5],"texture":"#1"},"up":{"uv":[5.75,2.25,5.5,2],"texture":"#1"},"down":{"uv":[2.5,5.5,2.25,5.75],"texture":"#1"}}},{"from":[15.5,0,12],"to":[16.5,6,13],"faces":{"north":{"uv":[4.75,5,5,6.5],"texture":"#1"},"east":{"uv":[4.75,5,5,6.5],"texture":"#1"},"south":{"uv":[4.75,5,5,6.5],"texture":"#1"},"west":{"uv":[4.75,5,5,6.5],"texture":"#1"},"up":{"uv":[5.75,2.25,5.5,2],"texture":"#1"},"down":{"uv":[2.5,5.5,2.25,5.75],"texture":"#1"}}},{"from":[-1.5,6,2.5],"to":[17.5,7,13.5],"faces":{"north":{"uv":[4.75,0,9.5,0.25],"texture":"#1"},"east":{"uv":[4.75,1,7.5,1.25],"texture":"#1"},"south":{"uv":[4.75,0,9.5,0.25],"texture":"#1"},"west":{"uv":[4.75,1.25,7.5,1.5],"texture":"#1"},"up":{"uv":[4.75,2.75,0,0],"texture":"#1"},"down":{"uv":[4.75,2.75,0,5.5],"texture":"#1"}}},{"from":[0.5,4,3.5],"to":[15.5,5,3.5],"rotation":{"angle":0,"axis":"y","origin":[0,0,16]},"faces":{"north":{"uv":[8.5,0.75,4.75,1],"texture":"#1"},"east":{"uv":[0,0,0,0.25],"texture":"#1"},"south":{"uv":[4.75,0.75,8.5,1],"texture":"#1"},"west":{"uv":[0,0,0,0.25],"texture":"#1"},"up":{"uv":[3.75,0,0,0],"texture":"#1"},"down":{"uv":[3.75,0,0,0],"texture":"#1"}}},{"from":[0.5,4,12.5],"to":[15.5,5,12.5],"rotation":{"angle":0,"axis":"y","origin":[0,0,16]},"faces":{"north":{"uv":[8.5,0.75,4.75,1],"texture":"#1"},"east":{"uv":[0,0,0,0.25],"texture":"#1"},"south":{"uv":[4.75,0.75,8.5,1],"texture":"#1"},"west":{"uv":[0,0,0,0.25],"texture":"#1"},"up":{"uv":[3.75,0,0,0],"texture":"#1"},"down":{"uv":[3.75,0,0,0],"texture":"#1"}}},{"from":[16,4,4],"to":[16,5,12],"faces":{"north":{"uv":[0,0,0,0.25],"texture":"#1"},"east":{"uv":[4.75,1.5,6.75,1.75],"texture":"#1"},"south":{"uv":[0,0,0,0.25],"texture":"#1"},"west":{"uv":[6.75,1.5,4.75,1.75],"texture":"#1"},"up":{"uv":[0,2,0,0],"texture":"#1"},"down":{"uv":[0,0,0,2],"texture":"#1"}}},{"from":[0,4,4],"to":[0,5,12],"faces":{"north":{"uv":[0,0,0,0.25],"texture":"#1"},"east":{"uv":[4.75,1.5,6.75,1.75],"texture":"#1"},"south":{"uv":[0,0,0,0.25],"texture":"#1"},"west":{"uv":[6.75,1.5,4.75,1.75],"texture":"#1"},"up":{"uv":[0,2,0,0],"texture":"#1"},"down":{"uv":[0,0,0,2],"texture":"#1"}}}],"display":{"thirdperson_righthand":{"translation":[0,1.5,0],"scale":[0.29,0.29,0.29]},"thirdperson_lefthand":{"translation":[0,1.5,0],"scale":[0.29,0.29,0.29]},"firstperson_righthand":{"scale":[0,0,0]},"firstperson_lefthand":{"scale":[0,0,0]},"ground":{"scale":[0.33,0.33,0.35]},"gui":{"rotation":[21,148,0],"translation":[0,0.25,0],"scale":[0.69,0.69,0.69]},"head":{"translation":[0,-28.75,0],"scale":[1.77,1.79,1.79]},"fixed":{"translation":[0,0,-10]}}}