{"credit":"MadewithBlockbench","texture_size":[64,64],"textures":{"1":"pack_japan_furniture_v3:japan_furniture_v3/jf3_table_2"},"elements":[{"from":[0,2,1],"to":[16,14,15],"faces":{"north":{"uv":[4,7,8,10],"texture":"#1"},"east":{"uv":[8,0,11.5,3],"texture":"#1"},"south":{"uv":[0,8,4,11],"texture":"#1"},"west":{"uv":[8,0,11.5,3],"texture":"#1"},"up":{"uv":[8,3.5,4,0],"texture":"#1"},"down":{"uv":[8,3.5,4,7],"texture":"#1"}}},{"from":[0,2,0],"to":[4,14,1],"faces":{"north":{"uv":[8,6,9,9],"texture":"#1"},"east":{"uv":[8,10,8.25,13],"texture":"#1"},"south":{"uv":[9,6,10,9],"texture":"#1"},"west":{"uv":[8.25,10,8.5,13],"texture":"#1"},"up":{"uv":[11,6.75,10,6.5],"texture":"#1"},"down":{"uv":[11,6.75,10,7],"texture":"#1"}}},{"from":[0,14,0],"to":[16,16,16],"faces":{"north":{"uv":[8,9,12,9.5],"texture":"#1"},"east":{"uv":[8,9,12,9.5],"texture":"#1"},"south":{"uv":[8,9,12,9.5],"texture":"#1"},"west":{"uv":[8,9,12,9.5],"texture":"#1"},"up":{"uv":[4,4,0,0],"texture":"#1"},"down":{"uv":[4,4,0,8],"texture":"#1"}}},{"from":[0,0,0],"to":[16,2,16],"rotation":{"angle":0,"axis":"y","origin":[0,16,0]},"faces":{"north":{"uv":[8,9.5,12,9],"texture":"#1"},"east":{"uv":[8,9.5,12,9],"texture":"#1"},"south":{"uv":[8,9.5,12,9],"texture":"#1"},"west":{"uv":[8,9.5,12,9],"texture":"#1"},"up":{"uv":[4,8,0,4],"texture":"#1"},"down":{"uv":[4,0,0,4],"texture":"#1"}}}],"gui_light":"front","display":{"thirdperson_righthand":{"scale":[0.18,0.17,0.18]},"thirdperson_lefthand":{"scale":[0.18,0.17,0.18]},"firstperson_righthand":{"scale":[0,0,0]},"firstperson_lefthand":{"scale":[0,0,0]},"ground":{"scale":[0.27,0.28,0.27]},"gui":{"rotation":[-151.69,41.31,-178.78],"scale":[0.58,0.58,0.58]},"head":{"translation":[0,-30.4,0],"scale":[1.6,1.6,1.6]},"fixed":{"translation":[0,0,-7.75],"scale":[0.84,0.84,0.85]}}}