{"credit":"Madebysamus2002","texture_size":[32,32],"textures":{"0":"food2:food2_texture/sauce","1":"food2:food2_texture/hot_dog","particle":"food2:food2_texture/sauce"},"elements":[{"from":[7.25,9.775,4],"to":[8.75,9.775,12],"rotation":{"angle":0,"axis":"y","origin":[8,8.25,8]},"faces":{"north":{"uv":[6,0,7.5,0],"texture":"#0"},"east":{"uv":[6,1,14,1],"texture":"#0"},"south":{"uv":[6,2,7.5,2],"texture":"#0"},"west":{"uv":[6,3,14,3],"texture":"#0"},"up":{"uv":[1.5,8,0,0],"texture":"#0"},"down":{"uv":[4.5,0,3,8],"texture":"#0"}}},{"from":[6.25,6.75,4.25],"to":[7.25,9.25,11.75],"rotation":{"angle":0,"axis":"y","origin":[6.5,8,8]},"faces":{"north":{"uv":[4.5,9.5,5,10.75],"texture":"#1"},"east":{"uv":[0,0,3.75,1.25],"texture":"#1"},"south":{"uv":[5.5,9.5,6,10.75],"texture":"#1"},"west":{"uv":[0,2,3.75,3.25],"texture":"#1"},"up":{"uv":[6.5,8.75,6,5],"texture":"#1"},"down":{"uv":[7.5,5,7,8.75],"texture":"#1"}}},{"from":[8.75,6.75,4.25],"to":[9.75,9.25,11.75],"rotation":{"angle":0,"axis":"y","origin":[9.5,8,8]},"faces":{"north":{"uv":[5,9.5,4.5,10.75],"texture":"#1"},"east":{"uv":[3.75,2,0,3.25],"texture":"#1"},"south":{"uv":[6,9.5,5.5,10.75],"texture":"#1"},"west":{"uv":[3.75,0,0,1.25],"texture":"#1"},"up":{"uv":[6,8.75,6.5,5],"texture":"#1"},"down":{"uv":[7,5,7.5,8.75],"texture":"#1"}}},{"from":[7.25,7.75,4],"to":[8.75,9.75,12],"rotation":{"angle":0,"axis":"y","origin":[8,8.25,8]},"faces":{"north":{"uv":[9,6.5,9.75,7.5],"texture":"#1"},"east":{"uv":[4.5,2,8.5,3],"texture":"#1"},"south":{"uv":[9,8,9.75,9],"texture":"#1"},"west":{"uv":[4.5,3.5,8.5,4.5],"texture":"#1"},"up":{"uv":[2.25,10,1.5,6],"texture":"#1"},"down":{"uv":[3.75,6,3,10],"texture":"#1"}}},{"from":[7.25,6.75,4.25],"to":[8.75,7.75,11.75],"rotation":{"angle":0,"axis":"y","origin":[8,7,8]},"faces":{"north":{"uv":[8.5,9.5,9.5,9.75],"texture":"#1"},"east":{"uv":[9,4.5,12.75,4.75],"texture":"#1"},"south":{"uv":[10,0,11,0.25],"texture":"#1"},"west":{"uv":[9,5.5,12.75,5.75],"texture":"#1"},"up":{"uv":[5.5,8.75,4.5,5],"texture":"#1"},"down":{"uv":[1,6,0,9.75],"texture":"#1"}}}],"gui_light":"front","display":{"thirdperson_righthand":{"scale":[1.4,1.4,1.4]},"thirdperson_lefthand":{"scale":[1.4,1.4,1.4]},"firstperson_righthand":{"rotation":[15,-2,7],"translation":[2.25,1,0.5],"scale":[1.4,1.4,1.4]},"firstperson_lefthand":{"rotation":[15,-2,7],"translation":[2.25,1,0.5],"scale":[1.4,1.4,1.4]},"ground":{"scale":[1.4,1.4,1.4]},"gui":{"rotation":[33,116,0],"scale":[1.7,1.7,1.7]},"head":{"translation":[0,-41.75,0],"scale":[1.32227,1.32227,1.32227]},"fixed":{"rotation":[-90,-49,0],"translation":[0,0,-3.5],"scale":[2.8,2.8,2.8]}}}