{"credit":"Madebysamus2002","texture_size":[32,32],"textures":{"0":"food2:food2_texture/ramen","particle":"food2:food2_texture/ramen"},"elements":[{"from":[5.27024,8.8167,8.94485],"to":[7.77024,9.8167,11.44485],"rotation":{"angle":-22.5,"axis":"y","origin":[8,8,8]},"faces":{"north":{"uv":[10.5,10,11.75,10.5],"texture":"#0"},"east":{"uv":[11,0,12.25,0.5],"texture":"#0"},"south":{"uv":[11,1,12.25,1.5],"texture":"#0"},"west":{"uv":[11,2,12.25,2.5],"texture":"#0"},"up":{"uv":[10.25,6.25,9,5],"texture":"#0"},"down":{"uv":[10.25,7,9,8.25],"texture":"#0"}}},{"from":[8.72842,8.5667,4.70725],"to":[10.97842,9.5667,8.70725],"rotation":{"angle":-22.5,"axis":"y","origin":[8,8,8]},"faces":{"north":{"uv":[6.5,10,7.75,10.5],"texture":"#0"},"east":{"uv":[9,9,11,9.5],"texture":"#0"},"south":{"uv":[8.5,10,9.75,10.5],"texture":"#0"},"west":{"uv":[4,10,6,10.5],"texture":"#0"},"up":{"uv":[1.25,11,0,9],"texture":"#0"},"down":{"uv":[10.25,0,9,2],"texture":"#0"}}},{"from":[6.87272,8.5667,4.41903],"to":[9.12272,9.0667,8.41903],"rotation":{"angle":-22.5,"axis":"y","origin":[8,8,8]},"faces":{"north":{"uv":[11,4,12.25,4.25],"texture":"#0"},"east":{"uv":[11,3,13,3.25],"texture":"#0"},"south":{"uv":[11,5,12.25,5.25],"texture":"#0"},"west":{"uv":[4,11,6,11.25],"texture":"#0"},"up":{"uv":[3.25,11,2,9],"texture":"#0"},"down":{"uv":[10.25,2.5,9,4.5],"texture":"#0"}}},{"from":[4.06564,4.6833,3.93362],"to":[12.06564,8.6833,11.93362],"rotation":{"angle":0,"axis":"y","origin":[8,8,8]},"faces":{"north":{"uv":[4.5,0,8.5,2],"texture":"#0"},"east":{"uv":[4.5,0,8.5,2],"texture":"#0"},"south":{"uv":[4.5,0,8.5,2],"texture":"#0"},"west":{"uv":[4.5,0,8.5,2],"texture":"#0"},"up":{"uv":[4,4,0,0],"texture":"#0"},"down":{"uv":[4,4.5,0,8.5],"texture":"#0"}}}],"gui_light":"front","display":{"thirdperson_righthand":{"translation":[0,1.25,0]},"thirdperson_lefthand":{"translation":[0,1.25,0]},"firstperson_righthand":{"rotation":[4,12,1],"translation":[1,2.75,-0.5]},"firstperson_lefthand":{"rotation":[4,12,1],"translation":[1,2.75,-0.5]},"gui":{"rotation":[34,-30,0],"translation":[0,1.25,0],"scale":[1.3,1.3,1.3]},"head":{"translation":[0,-37,0],"scale":[1.9082,1.9082,1.9082]},"fixed":{"rotation":[-90,-28,0],"translation":[0,0,-6.75],"scale":[2.2,2.2,2.2]}}}